{
    "LR": {
        "auc": 0.8773153280277286,
        "f1": 0.18063184728839793
    },
    "XGB": {
        "auc": 0.9033097715898196,
        "f1": 0.22277912848326165
    },
    "DNN": {
        "auc": 0.8875228487238618,
        "f1": 0.5205311040078682
    },
    "GCN_area": {
        "auc": 0.6895917982945445,
        "f1": 0.07044334975369458
    },
    "GAT_area": {
        "auc": 0.7303369063591669,
        "f1": 0.22974903081003878
    },
    "GCN_company": {
        "auc": 0.6905662467821132,
        "f1": 0.1118042226487524
    },
    "GAT_company": {
        "auc": 0.7019985015121808,
        "f1": 0.0
    },
    "GCN_double": {
        "auc": 0.6863316574486238,
        "f1": 0.20372778500216732
    },
    "GAT_double": {
        "auc": 0.6670457918327202,
        "f1": 0.040010129146619396
    }
}