{
    "LR": {
        "auc": 0.8831637802400343,
        "f1": 0.18043087971274685
    },
    "XGB": {
        "auc": 0.903722261989254,
        "f1": 0.21674053622030082
    },
    "DNN": {
        "auc": 0.8887870731198955,
        "f1": 0.5135996079392305
    },
    "GCN_KNN_6": {
        "auc": 0.8182451551384186,
        "f1": 0.30173899420335265
    },
    "GAT_KNN_6": {
        "auc": 0.8350054989563288,
        "f1": 0.3084492383385372
    },
    "GCN_KNN_7": {
        "auc": 0.8287295383676108,
        "f1": 0.2700474867843383
    },
    "GAT_KNN_7": {
        "auc": 0.8439187380704387,
        "f1": 0.3258475491254589
    }
}