{
    "total_training_time_sec": 15853.715656042099,
    "best_val_auc": 0.8885317628930094
}